,cd,nm
0,095570.KS,AJ네트웍스보통주
1,006840.KS,AK홀딩스보통주
2,282330.KS,BGF리테일보통주
3,027410.KS,BGF보통주
4,138930.KS,BNK금융지주보통주
5,001465.KS,BYC1우선주
6,001460.KS,BYC보통주
7,001045.KS,CJ1우선주
8,00104K.KS,CJ4우선주(전환)
9,001040.KS,CJ보통주
10,011155.KS,CJ씨푸드1우선주
11,011150.KS,CJ씨푸드보통주
12,000590.KS,CS홀딩스보통주
13,012030.KS,DB Inc.보통주
14,016610.KS,DB금융투자보통주
15,005830.KS,DB손해보험보통주
16,000995.KS,DB하이텍1우선주
17,000990.KS,DB하이텍보통주
18,139130.KS,DGB금융지주보통주
19,001530.KS,DI동일보통주
20,000215.KS,DL1우선주
21,000210.KS,DL보통주
22,37550K.KS,DL이앤씨1우선주
23,375500.KS,DL이앤씨보통주
24,155660.KS,DSR보통주
25,069730.KS,DSR제강보통주
26,017940.KS,E1보통주
27,365550.KS,ESR켄달스퀘어리츠보통주
28,007700.KS,F&F보통주
29,078935.KS,GS1우선주
30,006360.KS,GS건설보통주
31,078930.KS,GS보통주
32,012630.KS,HDC보통주
33,294870.KS,HDC현대산업개발보통주
34,003560.KS,IHQ보통주
35,175330.KS,JB금융지주보통주
36,234080.KS,JW생명과학보통주
37,001065.KS,JW중외제약1우선주
38,001067.KS,JW중외제약2우선주(신형)
39,001060.KS,JW중외제약보통주
40,096760.KS,JW홀딩스 보통주
41,105560.KS,KB금융지주 보통주
42,009070.KS,KCTC 보통주
43,016385.KS,KG동부제철1우선주
44,016380.KS,KG동부제철보통주
45,001390.KS,KG케미칼보통주
46,001940.KS,KISCO홀딩스보통주
47,025000.KS,KPX케미칼보통주
48,092230.KS,KPX홀딩스보통주
49,000040.KS,KR모터스보통주
50,093050.KS,LF보통주
51,003555.KS,LG1우선주
52,034220.KS,LG디스플레이보통주
53,003550.KS,LG보통주
54,001120.KS,LG상사보통주
55,051905.KS,LG생활건강1우선주
56,051900.KS,LG생활건강보통주
57,032640.KS,LG유플러스보통주
58,011070.KS,LG이노텍보통주
59,066575.KS,LG전자1우선주
60,066570.KS,LG전자보통주
61,051915.KS,LG화학1우선주
62,051910.KS,LG화학보통주
63,079550.KS,LIG넥스원보통주
64,010120.KS,LS ELECTRIC보통주
65,000680.KS,LS네트웍스보통주
66,006260.KS,LS보통주
67,023150.KS,MH에탄올보통주
68,035420.KS,NAVER보통주
69,181710.KS,NHN보통주
70,338100.KS,NH프라임리츠보통주
71,034310.KS,NICE보통주
72,008260.KS,NI스틸보통주
73,004255.KS,NPC1우선주
74,004250.KS,NPC보통주
75,010060.KS,OCI보통주
76,100840.KS,S&TC 보통주
77,064960.KS,S&T모티브보통주
78,003570.KS,S&T중공업보통주
79,036530.KS,S&T홀딩스보통주
80,010955.KS,S-Oil1우선주
81,010950.KS,S-Oil보통주
82,101060.KS,SBS미디어홀딩스보통주
83,005090.KS,SGC에너지보통주
84,002360.KS,SH에너지화학보통주
85,009160.KS,SIMPAC보통주
86,123700.KS,SJM보통주
87,025530.KS,SJM홀딩스보통주
88,03473K.KS,SK1우선주
89,011790.KS,SKC보통주
90,018670.KS,SK가스보통주
91,001745.KS,SK네트웍스1우선주
92,001740.KS,SK네트웍스보통주
93,210980.KS,SK디앤디보통주
94,034730.KS,SK보통주
95,096775.KS,SK이노베이션 1우선주
96,096770.KS,SK이노베이션 보통주
97,001515.KS,SK증권1우선주
98,001510.KS,SK증권보통주
99,28513K.KS,SK케미칼1우선주
100,285130.KS,SK케미칼보통주
101,017670.KS,SK텔레콤보통주
102,005610.KS,SPC삼립보통주
103,011810.KS,STX보통주
104,077970.KS,STX엔진보통주
105,071970.KS,STX중공업보통주
106,084870.KS,TBH글로벌보통주
107,002710.KS,TCC스틸보통주
108,024070.KS,WISCOM보통주
109,000500.KS,가온전선보통주
110,000860.KS,강남제비스코보통주
111,035250.KS,강원랜드보통주
112,011420.KS,갤럭시아에스엠보통주
113,002100.KS,경농보통주
114,009450.KS,경동나비엔보통주
115,267290.KS,경동도시가스보통주
116,012320.KS,경동인베스트보통주
117,000050.KS,경방보통주
118,214390.KS,경보제약보통주
119,012610.KS,경인양행보통주
120,009140.KS,경인전자보통주
121,013580.KS,계룡건설산업보통주
122,012205.KS,계양전기1우선주
123,012200.KS,계양전기보통주
124,002140.KS,고려산업보통주
125,010130.KS,고려아연보통주
126,002240.KS,고려제강보통주
127,009290.KS,광동제약보통주
128,017040.KS,광명전기보통주
129,017900.KS,광전자보통주
130,037710.KS,광주신세계보통주
131,030610.KS,교보증권보통주
132,339770.KS,교촌에프앤비보통주
133,007690.KS,국도화학보통주
134,005320.KS,국동보통주
135,001140.KS,국보보통주
136,002720.KS,국제약품보통주
137,114090.KS,그랜드코리아레저보통주
138,083420.KS,그린케미칼보통주
139,014530.KS,극동유화보통주
140,014285.KS,금강공업1우선주
141,014280.KS,금강공업보통주
142,008870.KS,금비보통주
143,001570.KS,금양보통주
144,002995.KS,금호산업1우선주
145,002990.KS,금호산업보통주
146,011785.KS,금호석유화학1우선주
147,011780.KS,금호석유화학보통주
148,214330.KS,금호에이치티보통주
149,001210.KS,금호전기보통주
150,073240.KS,금호타이어보통주
151,092440.KS,기신정기 보통주
152,000270.KS,기아자동차보통주
153,013700.KS,까뮤이앤씨보통주
154,004545.KS,깨끗한나라1우선주
155,004540.KS,깨끗한나라보통주
156,001260.KS,남광토건보통주
157,008355.KS,남선알미늄1우선주
158,008350.KS,남선알미늄보통주
159,004270.KS,남성보통주
160,003925.KS,남양유업1우선주
161,003920.KS,남양유업보통주
162,025860.KS,남해화학보통주
163,005725.KS,넥센1우선주
164,005720.KS,넥센보통주
165,002355.KS,넥센타이어1우선주(신형)
166,002350.KS,넥센타이어보통주
167,003580.KS,넥스트사이언스보통주
168,251270.KS,넷마블보통주
169,090355.KS,노루페인트 1우선주
170,090350.KS,노루페인트 보통주
171,000325.KS,노루홀딩스1우선주
172,000320.KS,노루홀딩스보통주
173,006280.KS,녹십자보통주
174,005257.KS,녹십자홀딩스2우선주(신형)
175,005250.KS,녹십자홀딩스보통주
176,004370.KS,농심보통주
177,072710.KS,농심홀딩스보통주
178,058730.KS,다스코보통주
179,023590.KS,다우기술보통주
180,019680.KS,대교보통주
181,019685.KS,대교우선주(신형)
182,006370.KS,대구백화점보통주
183,00806K.KS,대덕1우선주
184,008060.KS,대덕보통주
185,353200.KS,대덕전자보통주
186,35320K.KS,대덕전자우선주
187,000490.KS,대동공업보통주
188,008110.KS,대동전자보통주
189,005750.KS,대림B&Co보통주
190,001880.KS,대림건설보통주
191,006570.KS,대림통상보통주
192,001685.KS,대상1우선주
193,001680.KS,대상보통주
194,084695.KS,대상홀딩스 1우선주
195,084690.KS,대상홀딩스 보통주
196,128820.KS,대성산업보통주
197,117580.KS,대성에너지보통주
198,016710.KS,대성홀딩스보통주
199,003545.KS,대신증권1우선주
200,003547.KS,대신증권2우선주(신형)
201,003540.KS,대신증권보통주
202,009190.KS,대양금속보통주
203,014160.KS,대영포장보통주
204,047040.KS,대우건설보통주
205,009320.KS,대우전자부품보통주
206,042660.KS,대우조선해양보통주
207,003090.KS,대웅보통주
208,069620.KS,대웅제약보통주
209,000430.KS,대원강업보통주
210,006345.KS,대원전선1우선주
211,006340.KS,대원전선보통주
212,003220.KS,대원제약보통주
213,024890.KS,대원화성보통주
214,002880.KS,대유에이텍
215,000300.KS,대유플러스보통주
216,015230.KS,대창단조보통주
217,012800.KS,대창보통주
218,001070.KS,대한방직보통주
219,006650.KS,대한유화보통주
220,001440.KS,대한전선보통주
221,084010.KS,대한제강 보통주
222,001795.KS,대한제당1우선주
223,001790.KS,대한제당보통주
224,001130.KS,대한제분보통주
225,003495.KS,대한항공1우선주
226,003490.KS,대한항공보통주
227,005880.KS,대한해운보통주
228,003830.KS,대한화섬보통주
229,016090.KS,대현보통주
230,069460.KS,대호에이엘보통주
231,192080.KS,더블유게임즈보통주
232,012510.KS,더존비즈온보통주
233,004835.KS,덕성1우선주
234,004830.KS,덕성보통주
235,024900.KS,덕양산업보통주
236,145720.KS,덴티움보통주
237,002150.KS,도화엔지니어링보통주
238,001230.KS,동국제강보통주
239,004140.KS,동방보통주
240,007590.KS,동방아그로보통주
241,005965.KS,동부건설1우선주
242,005960.KS,동부건설보통주
243,026960.KS,동서보통주
244,002210.KS,동성제약보통주
245,102260.KS,동성코퍼레이션보통주
246,005190.KS,동성화학보통주
247,000640.KS,동아쏘시오홀딩스보통주
248,170900.KS,동아에스티보통주
249,028100.KS,동아지질보통주
250,282690.KS,동아타이어공업보통주
251,001525.KS,동양1우선주
252,001527.KS,동양2우선주(신형)
253,001529.KS,동양3우선주(신형)
254,084670.KS,동양고속보통주
255,002900.KS,동양물산기업보통주
256,001520.KS,동양보통주
257,082640.KS,동양생명보험보통주
258,008970.KS,동양철관보통주
259,092780.KS,동양피스톤보통주
260,049770.KS,동원F&B보통주
261,018500.KS,동원금속보통주
262,006040.KS,동원산업보통주
263,030720.KS,동원수산보통주
264,014825.KS,동원시스템즈1우선주
265,014820.KS,동원시스템즈보통주
266,163560.KS,동일고무벨트보통주
267,004890.KS,동일산업보통주
268,002690.KS,동일제강보통주
269,000020.KS,동화약품보통주
270,000155.KS,두산1우선주
271,000157.KS,두산2우선주(신형)
272,241560.KS,두산밥캣보통주
273,000150.KS,두산보통주
274,042670.KS,두산인프라코어보통주
275,034020.KS,두산중공업보통주
276,33626K.KS,두산퓨얼셀1우선주
277,33626L.KS,두산퓨얼셀2우선주(신형)
278,336260.KS,두산퓨얼셀보통주
279,016740.KS,두올보통주
280,192650.KS,드림텍보통주
281,024090.KS,디씨엠보통주
282,003160.KS,디아이보통주
283,092200.KS,디아이씨 보통주
284,004840.KS,디알비동일보통주
285,013570.KS,디와이보통주
286,210540.KS,디와이파워보통주
287,007340.KS,디티알오토모티브보통주
288,026890.KS,디피씨보통주
289,115390.KS,락앤락보통주
290,032350.KS,롯데관광개발 보통주
291,330590.KS,롯데리츠보통주
292,000400.KS,롯데손해보험보통주
293,023530.KS,롯데쇼핑 보통주
294,004000.KS,롯데정밀화학보통주
295,286940.KS,롯데정보통신보통주
296,280360.KS,롯데제과보통주
297,00499K.KS,롯데지주1우선주
298,004990.KS,롯데지주보통주
299,005305.KS,롯데칠성음료1우선주
300,005300.KS,롯데칠성음료보통주
301,011170.KS,롯데케미칼보통주
302,002270.KS,롯데푸드보통주
303,071840.KS,롯데하이마트보통주
304,027740.KS,마니커보통주
305,204320.KS,만도보통주
306,001080.KS,만호제강보통주
307,088980.KS,맥쿼리한국인프라투융자회사 보통주
308,138040.KS,메리츠금융지주회사보통주
309,008560.KS,메리츠증권보통주
310,000060.KS,메리츠화재해상보험보통주
311,090370.KS,메타랩스보통주
312,017180.KS,명문제약 보통주
313,009900.KS,명신산업보통주
314,012690.KS,모나리자보통주
315,005360.KS,모나미보통주
316,204210.KS,모두투어리츠보통주
317,009680.KS,모토닉보통주
318,009200.KS,무림페이퍼보통주
319,009580.KS,무림피앤피보통주
320,033920.KS,무학보통주
321,008420.KS,문배철강보통주
322,025560.KS,미래산업보통주
323,007120.KS,미래아이앤지보통주
324,006800.KS,미래에셋대우
325,006805.KS,미래에셋대우1우선주
326,00680K.KS,미래에셋대우2우선주(신형)
327,357250.KS,미래에셋맵스리츠보통주
328,094800.KS,미래에셋맵스아시아퍼시픽부동산공모1호
329,085620.KS,미래에셋생명보험보통주
330,002840.KS,미원상사보통주
331,268280.KS,미원스페셜티케미칼보통주
332,107590.KS,미원홀딩스 보통주
333,134380.KS,미원화학보통주
334,003650.KS,미창석유공업보통주
335,155900.KS,바다로19호선박투자회사
336,003610.KS,방림보통주
337,001340.KS,백광산업보통주
338,035150.KS,백산보통주
339,002410.KS,범양건영보통주
340,007210.KS,벽산보통주
341,002760.KS,보락보통주
342,003850.KS,보령제약보통주
343,000890.KS,보해양조보통주
344,003000.KS,부광약품보통주
345,001275.KS,부국증권1우선주
346,001270.KS,부국증권보통주
347,026940.KS,부국철강 보통주
348,015350.KS,부산도시가스보통주
349,011390.KS,부산산업보통주
350,005030.KS,부산주공보통주
351,002070.KS,비비안보통주
352,100220.KS,비상교육 보통주
353,030790.KS,비케이탑스보통주
354,352820.KS,빅히트엔터테인먼트보통주
355,005180.KS,빙그레보통주
356,003960.KS,사조대림보통주
357,008040.KS,사조동아원보통주
358,007160.KS,사조산업보통주
359,014710.KS,사조씨푸드보통주
360,006090.KS,사조오양보통주
361,001470.KS,삼부토건보통주
362,006405.KS,삼성SDI1우선주
363,006400.KS,삼성SDI보통주
364,006660.KS,삼성공조보통주
365,02826K.KS,삼성물산1우선주(신형)
366,028260.KS,삼성물산보통주
367,207940.KS,삼성바이오로직스보통주
368,032830.KS,삼성생명보험보통주
369,018260.KS,삼성에스디에스보통주
370,028050.KS,삼성엔지니어링보통주
371,009155.KS,삼성전기1우선주
372,009150.KS,삼성전기보통주
373,005935.KS,삼성전자1우선주
374,005930.KS,삼성전자보통주
375,001360.KS,삼성제약
376,010145.KS,삼성중공업1우선주
377,010140.KS,삼성중공업보통주
378,016360.KS,삼성증권보통주
379,068290.KS,삼성출판사보통주
380,029780.KS,삼성카드 보통주
381,000815.KS,삼성화재해상보험1우선주
382,000810.KS,삼성화재해상보험보통주
383,006110.KS,삼아알미늄보통주
384,145995.KS,삼양사1우선주
385,145990.KS,삼양사보통주
386,003230.KS,삼양식품보통주
387,002170.KS,삼양통상보통주
388,272550.KS,삼양패키징보통주
389,000075.KS,삼양홀딩스1우선주
390,000070.KS,삼양홀딩스보통주
391,002810.KS,삼영무역보통주
392,005680.KS,삼영전자공업보통주
393,003720.KS,삼영화학공업보통주
394,023000.KS,삼원강재 보통주
395,004380.KS,삼익THK보통주
396,002450.KS,삼익악기보통주
397,004440.KS,삼일씨엔에스보통주
398,000520.KS,삼일제약보통주
399,009770.KS,삼정펄프 보통주
400,005500.KS,삼진제약보통주
401,004690.KS,삼천리보통주
402,010960.KS,삼호개발 보통주
403,004450.KS,삼화왕관보통주
404,009470.KS,삼화전기보통주
405,011230.KS,삼화전자공업보통주
406,001820.KS,삼화콘덴서공업보통주
407,000390.KS,삼화페인트공업보통주
408,001290.KS,상상인증권보통주
409,041650.KS,상신브레이크보통주
410,075180.KS,새론오토모티브
411,007540.KS,샘표보통주
412,248170.KS,샘표식품보통주
413,007860.KS,서연보통주
414,200880.KS,서연이화보통주
415,017390.KS,서울도시가스보통주
416,004415.KS,서울식품공업1우선주
417,004410.KS,서울식품공업보통주
418,021050.KS,서원보통주
419,008490.KS,서흥보통주
420,007610.KS,선도전기보통주
421,136490.KS,선진보통주
422,002820.KS,선창산업보통주
423,014915.KS,성문전자1우선주
424,014910.KS,성문전자보통주
425,003080.KS,성보화학보통주
426,004985.KS,성신양회1우선주
427,004980.KS,성신양회보통주
428,011300.KS,성안보통주
429,000180.KS,성창기업지주보통주
430,002420.KS,세기상사보통주
431,004365.KS,세방1우선주
432,004360.KS,세방보통주
433,004490.KS,세방전지보통주
434,001430.KS,세아베스틸보통주
435,306200.KS,세아제강보통주
436,003030.KS,세아제강지주보통주
437,019440.KS,세아특수강보통주
438,058650.KS,세아홀딩스보통주
439,013000.KS,세우글로벌보통주
440,091090.KS,세원셀론텍 보통주
441,021820.KS,세원정공보통주
442,067830.KS,세이브존I&C보통주
443,033530.KS,세종공업보통주
444,075580.KS,세진중공업보통주
445,027970.KS,세하보통주
446,145210.KS,세화아이엠씨보통주
447,308170.KS,센트랄모텍보통주
448,012600.KS,센트럴인사이트보통주
449,068270.KS,셀트리온보통주
450,33637K.KS,솔루스첨단소재1우선주
451,33637L.KS,솔루스첨단소재2우선주(신형)
452,336370.KS,솔루스첨단소재보통주
453,248070.KS,솔루엠보통주
454,004430.KS,송원산업보통주
455,017550.KS,수산중공업보통주
456,134790.KS,시디즈보통주
457,016590.KS,신대양제지보통주
458,029530.KS,신도리코보통주
459,004970.KS,신라교역보통주
460,011930.KS,신성이엔지보통주
461,005390.KS,신성통상보통주
462,034300.KS,신세계건설
463,004170.KS,신세계보통주
464,035510.KS,신세계아이앤씨 보통주
465,031430.KS,신세계인터내셔날보통주
466,031440.KS,신세계푸드보통주
467,006880.KS,신송홀딩스보통주
468,005800.KS,신영와코루보통주
469,001725.KS,신영증권1우선주
470,001720.KS,신영증권보통주
471,009275.KS,신원1우선주
472,009270.KS,신원보통주
473,002700.KS,신일전자보통주
474,019175.KS,신풍제약1우선주
475,019170.KS,신풍제약보통주
476,002870.KS,신풍제지보통주
477,055550.KS,신한금융지주회사보통주
478,293940.KS,신한알파리츠보통주
479,001770.KS,신화실업보통주
480,004080.KS,신흥보통주
481,102280.KS,쌍방울
482,003410.KS,쌍용양회공업보통주
483,003620.KS,쌍용자동차보통주
484,004770.KS,써니전자보통주
485,015540.KS,쎌마테라퓨틱스보통주
486,004920.KS,씨아이테크보통주
487,112610.KS,씨에스윈드보통주
488,000120.KS,씨제이대한통운보통주
489,079160.KS,씨제이씨지브이 보통주
490,097955.KS,씨제이제일제당 주식회사 1우선주
491,097950.KS,씨제이제일제당 주식회사 보통주
492,008700.KS,아남전자보통주
493,002795.KS,아모레G1우선주
494,00279K.KS,아모레G3우선주(전환)
495,002790.KS,아모레G보통주
496,090435.KS,아모레퍼시픽 1우선주
497,090430.KS,아모레퍼시픽 보통주
498,002030.KS,아세아보통주
499,183190.KS,아세아시멘트보통주
500,002310.KS,아세아제지보통주
501,267850.KS,아시아나IDT보통주
502,020560.KS,아시아나항공 보통주
503,122900.KS,아이마켓코리아보통주
504,010780.KS,아이에스동서보통주
505,001780.KS,알루코 보통주
506,018250.KS,애경산업보통주
507,161000.KS,애경유화보통주
508,011090.KS,에넥스보통주
509,034120.KS,에스비에스보통주
510,005850.KS,에스엘보통주
511,012750.KS,에스원보통주
512,004060.KS,에스지세계물산보통주
513,001380.KS,에스지충방 보통주
514,006125.KS,에스케이디스커버리1우선주
515,006120.KS,에스케이디스커버리보통주
516,068400.KS,에스케이렌터카보통주
517,326030.KS,에스케이바이오팜보통주
518,000660.KS,에스케이하이닉스보통주
519,023960.KS,에쓰씨엔지니어링보통주
520,298690.KS,에어부산보통주
521,078520.KS,에이블씨엔씨보통주
522,015260.KS,에이엔피보통주
523,140910.KS,에이자기관리부동산투자회사보통주
524,039570.KS,에이치디씨아이콘트롤스보통주
525,089470.KS,에이치디씨현대이피보통주
526,082740.KS,에이치에스디엔진보통주
527,011200.KS,에이치엠엠보통주
528,003060.KS,에이프로젠제약보통주
529,007460.KS,에이프로젠케이아이씨보통주
530,244920.KS,에이플러스에셋보통주
531,036570.KS,엔씨소프트보통주
532,138250.KS,엔에스쇼핑보통주
533,005945.KS,엔에이치투자증권1우선주
534,005940.KS,엔에이치투자증권보통주
535,085310.KS,엔케이 보통주
536,009810.KS,엔케이물산보통주
537,900140.KS,엘브이엠씨홀딩스보통주
538,229640.KS,엘에스전선아시아보통주
539,108670.KS,엘지하우시스
540,108675.KS,엘지하우시스 1우선주
541,037560.KS,엘지헬로비전보통주
542,014440.KS,영보화학보통주
543,111770.KS,영원무역보통주
544,009970.KS,영원무역홀딩스보통주
545,003520.KS,영진약품보통주
546,000670.KS,영풍보통주
547,006740.KS,영풍제지보통주
548,012280.KS,영화금속보통주
549,012160.KS,영흥보통주
550,015360.KS,예스코홀딩스보통주
551,007310.KS,오뚜기보통주
552,002630.KS,오리엔트바이오보통주
553,271560.KS,오리온보통주
554,001800.KS,오리온홀딩스보통주
555,037270.KS,와이지플러스보통주
556,316140.KS,우리금융지주보통주
557,033660.KS,우리금융캐피탈보통주
558,004720.KS,우리들제약보통주
559,118000.KS,우리들휴브레인보통주
560,010050.KS,우리종합금융보통주
561,006980.KS,우성사료보통주
562,017370.KS,우신시스템보통주
563,105840.KS,우진보통주
564,010400.KS,우진아이엔에스보통주
565,049800.KS,우진플라임 보통주
566,016880.KS,웅진보통주
567,095720.KS,웅진씽크빅 보통주
568,005820.KS,원림보통주
569,010600.KS,웰바이오텍보통주
570,008600.KS,윌비스보통주
571,014830.KS,유니드 보통주
572,047400.KS,유니온머티리얼보통주
573,000910.KS,유니온보통주
574,011330.KS,유니켐보통주
575,077500.KS,유니퀘스트 보통주
576,002920.KS,유성기업보통주
577,000700.KS,유수홀딩스보통주
578,003475.KS,유안타증권1우선주
579,003470.KS,유안타증권보통주
580,011690.KS,유양디앤유보통주
581,072130.KS,유엔젤보통주
582,000225.KS,유유제약1우선주
583,000227.KS,유유제약2우선주(신형)
584,000220.KS,유유제약보통주
585,001200.KS,유진투자증권보통주
586,000105.KS,유한양행1우선주
587,000100.KS,유한양행보통주
588,003465.KS,유화증권1우선주
589,003460.KS,유화증권보통주
590,008730.KS,율촌화학보통주
591,008250.KS,이건산업보통주
592,025820.KS,이구산업보통주
593,214320.KS,이노션보통주
594,088260.KS,이리츠코크렙기업구조조정부동산투자회사보통주
595,139480.KS,이마트보통주
596,007660.KS,이수페타시스보통주
597,005950.KS,이수화학보통주
598,015020.KS,이스타코보통주
599,093230.KS,이아이디보통주
600,074610.KS,이엔플러스보통주
601,102460.KS,이연제약보통주
602,084680.KS,이월드보통주
603,350520.KS,이지스레지던스리츠보통주
604,334890.KS,이지스밸류플러스리츠보통주
605,000760.KS,이화산업보통주
606,014990.KS,인디에프보통주
607,101140.KS,인바이오젠보통주
608,006490.KS,인스코비보통주
609,023800.KS,인지컨트롤스보통주
610,034590.KS,인천도시가스 보통주
611,129260.KS,인터지스보통주
612,023810.KS,인팩보통주
613,249420.KS,일동제약보통주
614,000230.KS,일동홀딩스보통주
615,013360.KS,일성건설보통주
616,003120.KS,일성신약보통주
617,003200.KS,일신방직보통주
618,007110.KS,일신석재보통주
619,007575.KS,일양약품1우선주
620,007570.KS,일양약품보통주
621,008500.KS,일정실업보통주
622,081000.KS,일진다이아몬드 보통주
623,020760.KS,일진디스플레이보통주
624,020150.KS,일진머티리얼즈보통주
625,103590.KS,일진전기 보통주
626,015860.KS,일진홀딩스보통주
627,226320.KS,잇츠한불보통주
628,317400.KS,자이에스앤디보통주
629,033240.KS,자화전자보통주
630,000950.KS,전방보통주
631,348950.KS,제이알글로벌리츠보통주
632,194370.KS,제이에스코퍼레이션보통주
633,025620.KS,제이준코스메틱보통주
634,036420.KS,제이콘텐트리보통주
635,030000.KS,제일기획보통주
636,271980.KS,제일약품보통주
637,001560.KS,제일연마공업보통주
638,002620.KS,제일파마홀딩스보통주
639,006220.KS,제주은행보통주
640,089590.KS,제주항공보통주
641,004910.KS,조광페인트보통주
642,004700.KS,조광피혁보통주
643,001550.KS,조비보통주
644,000480.KS,조선내화보통주
645,120030.KS,조선선재 보통주
646,018470.KS,조일알미늄보통주
647,002600.KS,조흥보통주
648,063160.KS,종근당바이오보통주
649,185750.KS,종근당보통주
650,001630.KS,종근당홀딩스보통주
651,070960.KS,주식회사 용평리조트
652,023450.KS,주식회사동남합성
653,002380.KS,주식회사케이씨씨
654,044380.KS,주연테크 보통주
655,024110.KS,중소기업은행보통주
656,013890.KS,지누스보통주
657,001250.KS,지에스글로벌보통주
658,007070.KS,지에스리테일보통주
659,013870.KS,지엠비코리아보통주
660,071320.KS,지역난방공사보통주
661,010580.KS,지코보통주
662,035000.KS,지투알보통주
663,088790.KS,진도 보통주
664,003780.KS,진양산업보통주
665,010640.KS,진양폴리우레탄보통주
666,100250.KS,진양홀딩스보통주
667,051630.KS,진양화학보통주
668,272450.KS,진에어보통주
669,011000.KS,진원생명과학보통주
670,002785.KS,진흥기업1우선주(신형)
671,002787.KS,진흥기업2우선주(신형)
672,002780.KS,진흥기업보통주
673,009310.KS,참엔지니어링보통주
674,000650.KS,천일고속보통주
675,033250.KS,체시스보통주
676,035720.KS,카카오보통주
677,006380.KS,카프로보통주
678,109070.KS,컨버즈보통주
679,001620.KS,케이비아이동국실업보통주
680,009440.KS,케이씨그린홀딩스보통주
681,029460.KS,케이씨보통주
682,344820.KS,케이씨씨글라스보통주
683,119650.KS,케이씨코트렐보통주
684,281820.KS,케이씨텍보통주
685,044450.KS,케이에스에스 해운 보통주
686,092220.KS,케이이씨 보통주
687,145270.KS,케이탑리츠보통주
688,030200.KS,케이티보통주
689,030210.KS,케이티비투자증권보통주
690,053210.KS,케이티스카이라이프
691,058850.KS,케이티씨에스보통주
692,058860.KS,케이티아이에스보통주
693,033780.KS,케이티앤지보통주
694,357120.KS,코람코에너지플러스리츠보통주
695,007815.KS,코리아써키트1우선주
696,00781K.KS,코리아써키트2우선주(신형)
697,007810.KS,코리아써키트보통주
698,003690.KS,코리안리재보험보통주
699,192820.KS,코스맥스보통주
700,044820.KS,코스맥스비티아이 주식회사 보통주
701,005070.KS,코스모신소재보통주
702,005420.KS,코스모화학보통주
703,071950.KS,코아스보통주
704,002025.KS,코오롱1우선주
705,003075.KS,코오롱글로벌1우선주
706,003070.KS,코오롱글로벌보통주
707,144620.KS,코오롱머티리얼보통주
708,002020.KS,코오롱보통주
709,120115.KS,코오롱인더스트리1우선주
710,120110.KS,코오롱인더스트리보통주
711,138490.KS,코오롱플라스틱보통주
712,021240.KS,코웨이보통주
713,031820.KS,콤텍시스템보통주
714,192400.KS,쿠쿠홀딩스보통주
715,284740.KS,쿠쿠홈시스보통주
716,015590.KS,큐로보통주
717,26490K.KS,크라운제과1우선주
718,264900.KS,크라운제과보통주
719,005745.KS,크라운해태홀딩스1우선주
720,005740.KS,크라운해태홀딩스보통주
721,020120.KS,키다리스튜디오보통주
722,039490.KS,키움증권보통주
723,012170.KS,키위미디어그룹보통주
724,014580.KS,태경비케이보통주
725,015890.KS,태경산업보통주
726,006890.KS,태경케미컬보통주
727,003240.KS,태광산업보통주
728,011280.KS,태림포장보통주
729,004105.KS,태양금속공업1우선주
730,004100.KS,태양금속공업보통주
731,009410.KS,태영건설보통주
732,009415.KS,태영건설우선주
733,001420.KS,태원물산보통주
734,007980.KS,태평양물산보통주
735,055490.KS,테이팩스보통주
736,078000.KS,텔코웨어 보통주
737,214420.KS,토니모리보통주
738,019180.KS,티에이치엔보통주
739,36328K.KS,티와이홀딩스1우선주
740,363280.KS,티와이홀딩스보통주
741,091810.KS,티웨이항공보통주
742,004870.KS,티웨이홀딩스보통주
743,005690.KS,파미셀보통주
744,036580.KS,팜스코보통주
745,028670.KS,팬오션보통주
746,010820.KS,퍼스텍보통주
747,016800.KS,퍼시스보통주
748,001020.KS,페이퍼코리아보통주
749,090080.KS,평화산업 주식회사 보통주
750,010770.KS,평화홀딩스보통주
751,058430.KS,포스코강판보통주
752,005490.KS,포스코보통주
753,047050.KS,포스코인터내셔널보통주
754,003670.KS,포스코케미칼보통주
755,007630.KS,폴루스바이오팜보통주
756,017810.KS,풀무원보통주
757,103140.KS,풍산 보통주
758,005810.KS,풍산홀딩스보통주
759,950210.KS,피비파마KDR
760,033180.KS,필룩스보통주
761,086790.KS,하나금융지주보통주
762,293480.KS,하나제약보통주
763,039130.KS,하나투어보통주
764,172580.KS,하이골드오션12호국제선박투자회사
765,153360.KS,하이골드오션3호선박투자회사
766,071090.KS,하이스틸 보통주
767,019490.KS,하이트론씨스템즈보통주
768,000087.KS,하이트진로2우선주(신형)
769,000080.KS,하이트진로보통주
770,000145.KS,하이트진로홀딩스1우선주
771,000140.KS,하이트진로홀딩스보통주
772,036460.KS,한국가스공사보통주
773,005430.KS,한국공항보통주
774,010040.KS,한국내화보통주
775,025540.KS,한국단자공업보통주
776,096300.KS,한국베트남부동산개발특별자산1호투자회사
777,004090.KS,한국석유공업보통주
778,002200.KS,한국수출포장공업보통주
779,002960.KS,한국쉘석유보통주
780,000240.KS,한국앤컴퍼니보통주
781,033270.KS,한국유나이티드제약 보통주
782,123890.KS,한국자산신탁보통주
783,015760.KS,한국전력공사보통주
784,052690.KS,한국전력기술 보통주
785,006200.KS,한국전자홀딩스보통주
786,009540.KS,한국조선해양보통주
787,023350.KS,한국종합기술보통주
788,025890.KS,한국주강보통주
789,000970.KS,한국주철관공업보통주
790,104700.KS,한국철강보통주
791,017960.KS,한국카본보통주
792,161890.KS,한국콜마보통주
793,024720.KS,한국콜마홀딩스보통주
794,161390.KS,한국타이어앤테크놀로지보통주
795,034830.KS,한국토지신탁보통주
796,152550.KS,한국투자ANKOR유전해외자원개발특별자산투자회사1호(지분증권)
797,168490.KS,한국투자Parallel유전해외자원개발특별자산투자회사1호
798,071055.KS,한국투자금융지주1우선주
799,071050.KS,한국투자금융지주보통주
800,007280.KS,한국특수형강보통주
801,010100.KS,한국프랜지공업보통주
802,047810.KS,한국항공우주산업보통주
803,123690.KS,한국화장품보통주
804,003350.KS,한국화장품제조보통주
805,011500.KS,한농화성보통주
806,002390.KS,한독보통주
807,014790.KS,한라보통주
808,060980.KS,한라홀딩스보통주
809,053690.KS,한미글로벌건축사사무소보통주
810,042700.KS,한미반도체보통주
811,008930.KS,한미사이언스보통주
812,128940.KS,한미약품보통주
813,009240.KS,한샘보통주
814,020000.KS,한섬보통주
815,003680.KS,한성기업보통주
816,105630.KS,한세실업보통주
817,069640.KS,한세엠케이보통주
818,016450.KS,한세예스24홀딩스보통주
819,010420.KS,한솔PNS보통주
820,009180.KS,한솔로지스틱스보통주
821,213500.KS,한솔제지보통주
822,014680.KS,한솔케미칼보통주
823,004710.KS,한솔테크닉스보통주
824,004150.KS,한솔홀딩스보통주
825,025750.KS,한솔홈데코보통주
826,004960.KS,한신공영보통주
827,011700.KS,한신기계공업보통주
828,001755.KS,한양증권1우선주
829,001750.KS,한양증권보통주
830,018880.KS,한온시스템보통주
831,009420.KS,한올바이오파마보통주
832,014130.KS,한익스프레스보통주
833,300720.KS,한일시멘트보통주
834,002220.KS,한일철강보통주
835,006390.KS,한일현대시멘트보통주
836,003300.KS,한일홀딩스보통주
837,051600.KS,한전KPS 보통주
838,130660.KS,한전산업개발보통주
839,002320.KS,한진보통주
840,097230.KS,한진중공업 보통주
841,003480.KS,한진중공업홀딩스보통주
842,18064K.KS,한진칼1우선주
843,180640.KS,한진칼보통주
844,005110.KS,한창보통주
845,009460.KS,한창제지보통주
846,000885.KS,한화1우선주
847,00088K.KS,한화3우선주(신형)
848,000880.KS,한화보통주
849,088350.KS,한화생명보험보통주
850,000370.KS,한화손해보험보통주
851,009835.KS,한화솔루션1우선주
852,009830.KS,한화솔루션보통주
853,272210.KS,한화시스템보통주
854,012450.KS,한화에어로스페이스보통주
855,003535.KS,한화투자증권1우선주
856,003530.KS,한화투자증권보통주
857,195870.KS,해성디에스보통주
858,101530.KS,해태제과식품주식회사
859,143210.KS,핸즈코퍼레이션보통주
860,000725.KS,현대건설1우선주
861,267270.KS,현대건설기계보통주
862,000720.KS,현대건설보통주
863,005440.KS,현대그린푸드보통주
864,086280.KS,현대글로비스보통주
865,064350.KS,현대로템보통주
866,079430.KS,현대리바트보통주
867,012330.KS,현대모비스보통주
868,010620.KS,현대미포조선보통주
869,069960.KS,현대백화점보통주
870,004565.KS,현대비앤지스틸1우선주
871,004560.KS,현대비앤지스틸보통주
872,004310.KS,현대약품보통주
873,322000.KS,현대에너지솔루션보통주
874,017800.KS,현대엘리베이터보통주
875,307950.KS,현대오토에버보통주
876,011210.KS,현대위아보통주
877,267260.KS,현대일렉트릭보통주
878,005385.KS,현대자동차1우선주
879,005387.KS,현대자동차2우선주(신형)
880,005389.KS,현대자동차3우선주(신형)
881,005380.KS,현대자동차보통주
882,004020.KS,현대제철 보통주
883,011760.KS,현대종합상사보통주
884,267250.KS,현대중공업지주보통주
885,001500.KS,현대차증권보통주
886,227840.KS,현대코퍼레이션홀딩스보통주
887,126560.KS,현대퓨처넷보통주
888,001450.KS,현대해상화재보험보통주
889,057050.KS,현대홈쇼핑보통주
890,093240.KS,형지엘리트보통주
891,003010.KS,혜인보통주
892,111110.KS,호전실업보통주
893,008775.KS,호텔신라1우선주
894,008770.KS,호텔신라보통주
895,002460.KS,화성산업보통주
896,013520.KS,화승알앤에이보통주
897,241590.KS,화승엔터프라이즈보통주
898,006060.KS,화승인더스트리보통주
899,010690.KS,화신보통주
900,133820.KS,화인베스틸보통주
901,010660.KS,화천기계보통주
902,000850.KS,화천기공보통주
903,016580.KS,환인제약보통주
904,032560.KS,황금에스티보통주
905,004800.KS,효성보통주
906,094280.KS,효성아이티엑스 보통주
907,298040.KS,효성중공업보통주
908,298050.KS,효성첨단소재보통주
909,298020.KS,효성티앤씨보통주
910,298000.KS,효성화학보통주
911,093370.KS,후성 보통주
912,081660.KS,휠라홀딩스보통주
913,005870.KS,휴니드테크놀러지스보통주
914,079980.KS,휴비스보통주
915,005010.KS,휴스틸보통주
916,069260.KS,휴켐스보통주
917,000545.KS,흥국화재해상보험1우선주
918,000547.KS,흥국화재해상보험2우선주(신형)
919,000540.KS,흥국화재해상보험보통주
920,003280.KS,흥아해운보통주
921,095570.KQ,AJ네트웍스보통주
922,006840.KQ,AK홀딩스보통주
923,282330.KQ,BGF리테일보통주
924,027410.KQ,BGF보통주
925,138930.KQ,BNK금융지주보통주
926,001465.KQ,BYC1우선주
927,001460.KQ,BYC보통주
928,001045.KQ,CJ1우선주
929,00104K.KQ,CJ4우선주(전환)
930,001040.KQ,CJ보통주
931,011155.KQ,CJ씨푸드1우선주
932,011150.KQ,CJ씨푸드보통주
933,000590.KQ,CS홀딩스보통주
934,012030.KQ,DB Inc.보통주
935,016610.KQ,DB금융투자보통주
936,005830.KQ,DB손해보험보통주
937,000995.KQ,DB하이텍1우선주
938,000990.KQ,DB하이텍보통주
939,139130.KQ,DGB금융지주보통주
940,001530.KQ,DI동일보통주
941,000215.KQ,DL1우선주
942,000210.KQ,DL보통주
943,37550K.KQ,DL이앤씨1우선주
944,375500.KQ,DL이앤씨보통주
945,155660.KQ,DSR보통주
946,069730.KQ,DSR제강보통주
947,017940.KQ,E1보통주
948,365550.KQ,ESR켄달스퀘어리츠보통주
949,007700.KQ,F&F보통주
950,078935.KQ,GS1우선주
951,006360.KQ,GS건설보통주
952,078930.KQ,GS보통주
953,012630.KQ,HDC보통주
954,294870.KQ,HDC현대산업개발보통주
955,003560.KQ,IHQ보통주
956,175330.KQ,JB금융지주보통주
957,234080.KQ,JW생명과학보통주
958,001065.KQ,JW중외제약1우선주
959,001067.KQ,JW중외제약2우선주(신형)
960,001060.KQ,JW중외제약보통주
961,096760.KQ,JW홀딩스 보통주
962,105560.KQ,KB금융지주 보통주
963,009070.KQ,KCTC 보통주
964,016385.KQ,KG동부제철1우선주
965,016380.KQ,KG동부제철보통주
966,001390.KQ,KG케미칼보통주
967,001940.KQ,KISCO홀딩스보통주
968,025000.KQ,KPX케미칼보통주
969,092230.KQ,KPX홀딩스보통주
970,000040.KQ,KR모터스보통주
971,093050.KQ,LF보통주
972,003555.KQ,LG1우선주
973,034220.KQ,LG디스플레이보통주
974,003550.KQ,LG보통주
975,001120.KQ,LG상사보통주
976,051905.KQ,LG생활건강1우선주
977,051900.KQ,LG생활건강보통주
978,032640.KQ,LG유플러스보통주
979,011070.KQ,LG이노텍보통주
980,066575.KQ,LG전자1우선주
981,066570.KQ,LG전자보통주
982,051915.KQ,LG화학1우선주
983,051910.KQ,LG화학보통주
984,079550.KQ,LIG넥스원보통주
985,010120.KQ,LS ELECTRIC보통주
986,000680.KQ,LS네트웍스보통주
987,006260.KQ,LS보통주
988,023150.KQ,MH에탄올보통주
989,035420.KQ,NAVER보통주
990,181710.KQ,NHN보통주
991,338100.KQ,NH프라임리츠보통주
992,034310.KQ,NICE보통주
993,008260.KQ,NI스틸보통주
994,004255.KQ,NPC1우선주
995,004250.KQ,NPC보통주
996,010060.KQ,OCI보통주
997,100840.KQ,S&TC 보통주
998,064960.KQ,S&T모티브보통주
999,003570.KQ,S&T중공업보통주
1000,036530.KQ,S&T홀딩스보통주
1001,010955.KQ,S-Oil1우선주
1002,010950.KQ,S-Oil보통주
1003,101060.KQ,SBS미디어홀딩스보통주
1004,005090.KQ,SGC에너지보통주
1005,002360.KQ,SH에너지화학보통주
1006,009160.KQ,SIMPAC보통주
1007,123700.KQ,SJM보통주
1008,025530.KQ,SJM홀딩스보통주
1009,03473K.KQ,SK1우선주
1010,011790.KQ,SKC보통주
1011,018670.KQ,SK가스보통주
1012,001745.KQ,SK네트웍스1우선주
1013,001740.KQ,SK네트웍스보통주
1014,210980.KQ,SK디앤디보통주
1015,034730.KQ,SK보통주
1016,096775.KQ,SK이노베이션 1우선주
1017,096770.KQ,SK이노베이션 보통주
1018,001515.KQ,SK증권1우선주
1019,001510.KQ,SK증권보통주
1020,28513K.KQ,SK케미칼1우선주
1021,285130.KQ,SK케미칼보통주
1022,017670.KQ,SK텔레콤보통주
1023,005610.KQ,SPC삼립보통주
1024,011810.KQ,STX보통주
1025,077970.KQ,STX엔진보통주
1026,071970.KQ,STX중공업보통주
1027,084870.KQ,TBH글로벌보통주
1028,002710.KQ,TCC스틸보통주
1029,024070.KQ,WISCOM보통주
1030,000500.KQ,가온전선보통주
1031,000860.KQ,강남제비스코보통주
1032,035250.KQ,강원랜드보통주
1033,011420.KQ,갤럭시아에스엠보통주
1034,002100.KQ,경농보통주
1035,009450.KQ,경동나비엔보통주
1036,267290.KQ,경동도시가스보통주
1037,012320.KQ,경동인베스트보통주
1038,000050.KQ,경방보통주
1039,214390.KQ,경보제약보통주
1040,012610.KQ,경인양행보통주
1041,009140.KQ,경인전자보통주
1042,013580.KQ,계룡건설산업보통주
1043,012205.KQ,계양전기1우선주
1044,012200.KQ,계양전기보통주
1045,002140.KQ,고려산업보통주
1046,010130.KQ,고려아연보통주
1047,002240.KQ,고려제강보통주
1048,009290.KQ,광동제약보통주
1049,017040.KQ,광명전기보통주
1050,017900.KQ,광전자보통주
1051,037710.KQ,광주신세계보통주
1052,030610.KQ,교보증권보통주
1053,339770.KQ,교촌에프앤비보통주
1054,007690.KQ,국도화학보통주
1055,005320.KQ,국동보통주
1056,001140.KQ,국보보통주
1057,002720.KQ,국제약품보통주
1058,114090.KQ,그랜드코리아레저보통주
1059,083420.KQ,그린케미칼보통주
1060,014530.KQ,극동유화보통주
1061,014285.KQ,금강공업1우선주
1062,014280.KQ,금강공업보통주
1063,008870.KQ,금비보통주
1064,001570.KQ,금양보통주
1065,002995.KQ,금호산업1우선주
1066,002990.KQ,금호산업보통주
1067,011785.KQ,금호석유화학1우선주
1068,011780.KQ,금호석유화학보통주
1069,214330.KQ,금호에이치티보통주
1070,001210.KQ,금호전기보통주
1071,073240.KQ,금호타이어보통주
1072,092440.KQ,기신정기 보통주
1073,000270.KQ,기아자동차보통주
1074,013700.KQ,까뮤이앤씨보통주
1075,004545.KQ,깨끗한나라1우선주
1076,004540.KQ,깨끗한나라보통주
1077,001260.KQ,남광토건보통주
1078,008355.KQ,남선알미늄1우선주
1079,008350.KQ,남선알미늄보통주
1080,004270.KQ,남성보통주
1081,003925.KQ,남양유업1우선주
1082,003920.KQ,남양유업보통주
1083,025860.KQ,남해화학보통주
1084,005725.KQ,넥센1우선주
1085,005720.KQ,넥센보통주
1086,002355.KQ,넥센타이어1우선주(신형)
1087,002350.KQ,넥센타이어보통주
1088,003580.KQ,넥스트사이언스보통주
1089,251270.KQ,넷마블보통주
1090,090355.KQ,노루페인트 1우선주
1091,090350.KQ,노루페인트 보통주
1092,000325.KQ,노루홀딩스1우선주
1093,000320.KQ,노루홀딩스보통주
1094,006280.KQ,녹십자보통주
1095,005257.KQ,녹십자홀딩스2우선주(신형)
1096,005250.KQ,녹십자홀딩스보통주
1097,004370.KQ,농심보통주
1098,072710.KQ,농심홀딩스보통주
1099,058730.KQ,다스코보통주
1100,023590.KQ,다우기술보통주
1101,019680.KQ,대교보통주
1102,019685.KQ,대교우선주(신형)
1103,006370.KQ,대구백화점보통주
1104,00806K.KQ,대덕1우선주
1105,008060.KQ,대덕보통주
1106,353200.KQ,대덕전자보통주
1107,35320K.KQ,대덕전자우선주
1108,000490.KQ,대동공업보통주
1109,008110.KQ,대동전자보통주
1110,005750.KQ,대림B&Co보통주
1111,001880.KQ,대림건설보통주
1112,006570.KQ,대림통상보통주
1113,001685.KQ,대상1우선주
1114,001680.KQ,대상보통주
1115,084695.KQ,대상홀딩스 1우선주
1116,084690.KQ,대상홀딩스 보통주
1117,128820.KQ,대성산업보통주
1118,117580.KQ,대성에너지보통주
1119,016710.KQ,대성홀딩스보통주
1120,003545.KQ,대신증권1우선주
1121,003547.KQ,대신증권2우선주(신형)
1122,003540.KQ,대신증권보통주
1123,009190.KQ,대양금속보통주
1124,014160.KQ,대영포장보통주
1125,047040.KQ,대우건설보통주
1126,009320.KQ,대우전자부품보통주
1127,042660.KQ,대우조선해양보통주
1128,003090.KQ,대웅보통주
1129,069620.KQ,대웅제약보통주
1130,000430.KQ,대원강업보통주
1131,006345.KQ,대원전선1우선주
1132,006340.KQ,대원전선보통주
1133,003220.KQ,대원제약보통주
1134,024890.KQ,대원화성보통주
1135,002880.KQ,대유에이텍
1136,000300.KQ,대유플러스보통주
1137,015230.KQ,대창단조보통주
1138,012800.KQ,대창보통주
1139,001070.KQ,대한방직보통주
1140,006650.KQ,대한유화보통주
1141,001440.KQ,대한전선보통주
1142,084010.KQ,대한제강 보통주
1143,001795.KQ,대한제당1우선주
1144,001790.KQ,대한제당보통주
1145,001130.KQ,대한제분보통주
1146,003495.KQ,대한항공1우선주
1147,003490.KQ,대한항공보통주
1148,005880.KQ,대한해운보통주
1149,003830.KQ,대한화섬보통주
1150,016090.KQ,대현보통주
1151,069460.KQ,대호에이엘보통주
1152,192080.KQ,더블유게임즈보통주
1153,012510.KQ,더존비즈온보통주
1154,004835.KQ,덕성1우선주
1155,004830.KQ,덕성보통주
1156,024900.KQ,덕양산업보통주
1157,145720.KQ,덴티움보통주
1158,002150.KQ,도화엔지니어링보통주
1159,001230.KQ,동국제강보통주
1160,004140.KQ,동방보통주
1161,007590.KQ,동방아그로보통주
1162,005965.KQ,동부건설1우선주
1163,005960.KQ,동부건설보통주
1164,026960.KQ,동서보통주
1165,002210.KQ,동성제약보통주
1166,102260.KQ,동성코퍼레이션보통주
1167,005190.KQ,동성화학보통주
1168,000640.KQ,동아쏘시오홀딩스보통주
1169,170900.KQ,동아에스티보통주
1170,028100.KQ,동아지질보통주
1171,282690.KQ,동아타이어공업보통주
1172,001525.KQ,동양1우선주
1173,001527.KQ,동양2우선주(신형)
1174,001529.KQ,동양3우선주(신형)
1175,084670.KQ,동양고속보통주
1176,002900.KQ,동양물산기업보통주
1177,001520.KQ,동양보통주
1178,082640.KQ,동양생명보험보통주
1179,008970.KQ,동양철관보통주
1180,092780.KQ,동양피스톤보통주
1181,049770.KQ,동원F&B보통주
1182,018500.KQ,동원금속보통주
1183,006040.KQ,동원산업보통주
1184,030720.KQ,동원수산보통주
1185,014825.KQ,동원시스템즈1우선주
1186,014820.KQ,동원시스템즈보통주
1187,163560.KQ,동일고무벨트보통주
1188,004890.KQ,동일산업보통주
1189,002690.KQ,동일제강보통주
1190,000020.KQ,동화약품보통주
1191,000155.KQ,두산1우선주
1192,000157.KQ,두산2우선주(신형)
1193,241560.KQ,두산밥캣보통주
1194,000150.KQ,두산보통주
1195,042670.KQ,두산인프라코어보통주
1196,034020.KQ,두산중공업보통주
1197,33626K.KQ,두산퓨얼셀1우선주
1198,33626L.KQ,두산퓨얼셀2우선주(신형)
1199,336260.KQ,두산퓨얼셀보통주
1200,016740.KQ,두올보통주
1201,192650.KQ,드림텍보통주
1202,024090.KQ,디씨엠보통주
1203,003160.KQ,디아이보통주
1204,092200.KQ,디아이씨 보통주
1205,004840.KQ,디알비동일보통주
1206,013570.KQ,디와이보통주
1207,210540.KQ,디와이파워보통주
1208,007340.KQ,디티알오토모티브보통주
1209,026890.KQ,디피씨보통주
1210,115390.KQ,락앤락보통주
1211,032350.KQ,롯데관광개발 보통주
1212,330590.KQ,롯데리츠보통주
1213,000400.KQ,롯데손해보험보통주
1214,023530.KQ,롯데쇼핑 보통주
1215,004000.KQ,롯데정밀화학보통주
1216,286940.KQ,롯데정보통신보통주
1217,280360.KQ,롯데제과보통주
1218,00499K.KQ,롯데지주1우선주
1219,004990.KQ,롯데지주보통주
1220,005305.KQ,롯데칠성음료1우선주
1221,005300.KQ,롯데칠성음료보통주
1222,011170.KQ,롯데케미칼보통주
1223,002270.KQ,롯데푸드보통주
1224,071840.KQ,롯데하이마트보통주
1225,027740.KQ,마니커보통주
1226,204320.KQ,만도보통주
1227,001080.KQ,만호제강보통주
1228,088980.KQ,맥쿼리한국인프라투융자회사 보통주
1229,138040.KQ,메리츠금융지주회사보통주
1230,008560.KQ,메리츠증권보통주
1231,000060.KQ,메리츠화재해상보험보통주
1232,090370.KQ,메타랩스보통주
1233,017180.KQ,명문제약 보통주
1234,009900.KQ,명신산업보통주
1235,012690.KQ,모나리자보통주
1236,005360.KQ,모나미보통주
1237,204210.KQ,모두투어리츠보통주
1238,009680.KQ,모토닉보통주
1239,009200.KQ,무림페이퍼보통주
1240,009580.KQ,무림피앤피보통주
1241,033920.KQ,무학보통주
1242,008420.KQ,문배철강보통주
1243,025560.KQ,미래산업보통주
1244,007120.KQ,미래아이앤지보통주
1245,006800.KQ,미래에셋대우
1246,006805.KQ,미래에셋대우1우선주
1247,00680K.KQ,미래에셋대우2우선주(신형)
1248,357250.KQ,미래에셋맵스리츠보통주
1249,094800.KQ,미래에셋맵스아시아퍼시픽부동산공모1호
1250,085620.KQ,미래에셋생명보험보통주
1251,002840.KQ,미원상사보통주
1252,268280.KQ,미원스페셜티케미칼보통주
1253,107590.KQ,미원홀딩스 보통주
1254,134380.KQ,미원화학보통주
1255,003650.KQ,미창석유공업보통주
1256,155900.KQ,바다로19호선박투자회사
1257,003610.KQ,방림보통주
1258,001340.KQ,백광산업보통주
1259,035150.KQ,백산보통주
1260,002410.KQ,범양건영보통주
1261,007210.KQ,벽산보통주
1262,002760.KQ,보락보통주
1263,003850.KQ,보령제약보통주
1264,000890.KQ,보해양조보통주
1265,003000.KQ,부광약품보통주
1266,001275.KQ,부국증권1우선주
1267,001270.KQ,부국증권보통주
1268,026940.KQ,부국철강 보통주
1269,015350.KQ,부산도시가스보통주
1270,011390.KQ,부산산업보통주
1271,005030.KQ,부산주공보통주
1272,002070.KQ,비비안보통주
1273,100220.KQ,비상교육 보통주
1274,030790.KQ,비케이탑스보통주
1275,352820.KQ,빅히트엔터테인먼트보통주
1276,005180.KQ,빙그레보통주
1277,003960.KQ,사조대림보통주
1278,008040.KQ,사조동아원보통주
1279,007160.KQ,사조산업보통주
1280,014710.KQ,사조씨푸드보통주
1281,006090.KQ,사조오양보통주
1282,001470.KQ,삼부토건보통주
1283,006405.KQ,삼성SDI1우선주
1284,006400.KQ,삼성SDI보통주
1285,006660.KQ,삼성공조보통주
1286,02826K.KQ,삼성물산1우선주(신형)
1287,028260.KQ,삼성물산보통주
1288,207940.KQ,삼성바이오로직스보통주
1289,032830.KQ,삼성생명보험보통주
1290,018260.KQ,삼성에스디에스보통주
1291,028050.KQ,삼성엔지니어링보통주
1292,009155.KQ,삼성전기1우선주
1293,009150.KQ,삼성전기보통주
1294,005935.KQ,삼성전자1우선주
1295,005930.KQ,삼성전자보통주
1296,001360.KQ,삼성제약
1297,010145.KQ,삼성중공업1우선주
1298,010140.KQ,삼성중공업보통주
1299,016360.KQ,삼성증권보통주
1300,068290.KQ,삼성출판사보통주
1301,029780.KQ,삼성카드 보통주
1302,000815.KQ,삼성화재해상보험1우선주
1303,000810.KQ,삼성화재해상보험보통주
1304,006110.KQ,삼아알미늄보통주
1305,145995.KQ,삼양사1우선주
1306,145990.KQ,삼양사보통주
1307,003230.KQ,삼양식품보통주
1308,002170.KQ,삼양통상보통주
1309,272550.KQ,삼양패키징보통주
1310,000075.KQ,삼양홀딩스1우선주
1311,000070.KQ,삼양홀딩스보통주
1312,002810.KQ,삼영무역보통주
1313,005680.KQ,삼영전자공업보통주
1314,003720.KQ,삼영화학공업보통주
1315,023000.KQ,삼원강재 보통주
1316,004380.KQ,삼익THK보통주
1317,002450.KQ,삼익악기보통주
1318,004440.KQ,삼일씨엔에스보통주
1319,000520.KQ,삼일제약보통주
1320,009770.KQ,삼정펄프 보통주
1321,005500.KQ,삼진제약보통주
1322,004690.KQ,삼천리보통주
1323,010960.KQ,삼호개발 보통주
1324,004450.KQ,삼화왕관보통주
1325,009470.KQ,삼화전기보통주
1326,011230.KQ,삼화전자공업보통주
1327,001820.KQ,삼화콘덴서공업보통주
1328,000390.KQ,삼화페인트공업보통주
1329,001290.KQ,상상인증권보통주
1330,041650.KQ,상신브레이크보통주
1331,075180.KQ,새론오토모티브
1332,007540.KQ,샘표보통주
1333,248170.KQ,샘표식품보통주
1334,007860.KQ,서연보통주
1335,200880.KQ,서연이화보통주
1336,017390.KQ,서울도시가스보통주
1337,004415.KQ,서울식품공업1우선주
1338,004410.KQ,서울식품공업보통주
1339,021050.KQ,서원보통주
1340,008490.KQ,서흥보통주
1341,007610.KQ,선도전기보통주
1342,136490.KQ,선진보통주
1343,002820.KQ,선창산업보통주
1344,014915.KQ,성문전자1우선주
1345,014910.KQ,성문전자보통주
1346,003080.KQ,성보화학보통주
1347,004985.KQ,성신양회1우선주
1348,004980.KQ,성신양회보통주
1349,011300.KQ,성안보통주
1350,000180.KQ,성창기업지주보통주
1351,002420.KQ,세기상사보통주
1352,004365.KQ,세방1우선주
1353,004360.KQ,세방보통주
1354,004490.KQ,세방전지보통주
1355,001430.KQ,세아베스틸보통주
1356,306200.KQ,세아제강보통주
1357,003030.KQ,세아제강지주보통주
1358,019440.KQ,세아특수강보통주
1359,058650.KQ,세아홀딩스보통주
1360,013000.KQ,세우글로벌보통주
1361,091090.KQ,세원셀론텍 보통주
1362,021820.KQ,세원정공보통주
1363,067830.KQ,세이브존I&C보통주
1364,033530.KQ,세종공업보통주
1365,075580.KQ,세진중공업보통주
1366,027970.KQ,세하보통주
1367,145210.KQ,세화아이엠씨보통주
1368,308170.KQ,센트랄모텍보통주
1369,012600.KQ,센트럴인사이트보통주
1370,068270.KQ,셀트리온보통주
1371,33637K.KQ,솔루스첨단소재1우선주
1372,33637L.KQ,솔루스첨단소재2우선주(신형)
1373,336370.KQ,솔루스첨단소재보통주
1374,248070.KQ,솔루엠보통주
1375,004430.KQ,송원산업보통주
1376,017550.KQ,수산중공업보통주
1377,134790.KQ,시디즈보통주
1378,016590.KQ,신대양제지보통주
1379,029530.KQ,신도리코보통주
1380,004970.KQ,신라교역보통주
1381,011930.KQ,신성이엔지보통주
1382,005390.KQ,신성통상보통주
1383,034300.KQ,신세계건설
1384,004170.KQ,신세계보통주
1385,035510.KQ,신세계아이앤씨 보통주
1386,031430.KQ,신세계인터내셔날보통주
1387,031440.KQ,신세계푸드보통주
1388,006880.KQ,신송홀딩스보통주
1389,005800.KQ,신영와코루보통주
1390,001725.KQ,신영증권1우선주
1391,001720.KQ,신영증권보통주
1392,009275.KQ,신원1우선주
1393,009270.KQ,신원보통주
1394,002700.KQ,신일전자보통주
1395,019175.KQ,신풍제약1우선주
1396,019170.KQ,신풍제약보통주
1397,002870.KQ,신풍제지보통주
1398,055550.KQ,신한금융지주회사보통주
1399,293940.KQ,신한알파리츠보통주
1400,001770.KQ,신화실업보통주
1401,004080.KQ,신흥보통주
1402,102280.KQ,쌍방울
1403,003410.KQ,쌍용양회공업보통주
1404,003620.KQ,쌍용자동차보통주
1405,004770.KQ,써니전자보통주
1406,015540.KQ,쎌마테라퓨틱스보통주
1407,004920.KQ,씨아이테크보통주
1408,112610.KQ,씨에스윈드보통주
1409,000120.KQ,씨제이대한통운보통주
1410,079160.KQ,씨제이씨지브이 보통주
1411,097955.KQ,씨제이제일제당 주식회사 1우선주
1412,097950.KQ,씨제이제일제당 주식회사 보통주
1413,008700.KQ,아남전자보통주
1414,002795.KQ,아모레G1우선주
1415,00279K.KQ,아모레G3우선주(전환)
1416,002790.KQ,아모레G보통주
1417,090435.KQ,아모레퍼시픽 1우선주
1418,090430.KQ,아모레퍼시픽 보통주
1419,002030.KQ,아세아보통주
1420,183190.KQ,아세아시멘트보통주
1421,002310.KQ,아세아제지보통주
1422,267850.KQ,아시아나IDT보통주
1423,020560.KQ,아시아나항공 보통주
1424,122900.KQ,아이마켓코리아보통주
1425,010780.KQ,아이에스동서보통주
1426,001780.KQ,알루코 보통주
1427,018250.KQ,애경산업보통주
1428,161000.KQ,애경유화보통주
1429,011090.KQ,에넥스보통주
1430,034120.KQ,에스비에스보통주
1431,005850.KQ,에스엘보통주
1432,012750.KQ,에스원보통주
1433,004060.KQ,에스지세계물산보통주
1434,001380.KQ,에스지충방 보통주
1435,006125.KQ,에스케이디스커버리1우선주
1436,006120.KQ,에스케이디스커버리보통주
1437,068400.KQ,에스케이렌터카보통주
1438,326030.KQ,에스케이바이오팜보통주
1439,000660.KQ,에스케이하이닉스보통주
1440,023960.KQ,에쓰씨엔지니어링보통주
1441,298690.KQ,에어부산보통주
1442,078520.KQ,에이블씨엔씨보통주
1443,015260.KQ,에이엔피보통주
1444,140910.KQ,에이자기관리부동산투자회사보통주
1445,039570.KQ,에이치디씨아이콘트롤스보통주
1446,089470.KQ,에이치디씨현대이피보통주
1447,082740.KQ,에이치에스디엔진보통주
1448,011200.KQ,에이치엠엠보통주
1449,003060.KQ,에이프로젠제약보통주
1450,007460.KQ,에이프로젠케이아이씨보통주
1451,244920.KQ,에이플러스에셋보통주
1452,036570.KQ,엔씨소프트보통주
1453,138250.KQ,엔에스쇼핑보통주
1454,005945.KQ,엔에이치투자증권1우선주
1455,005940.KQ,엔에이치투자증권보통주
1456,085310.KQ,엔케이 보통주
1457,009810.KQ,엔케이물산보통주
1458,900140.KQ,엘브이엠씨홀딩스보통주
1459,229640.KQ,엘에스전선아시아보통주
1460,108670.KQ,엘지하우시스
1461,108675.KQ,엘지하우시스 1우선주
1462,037560.KQ,엘지헬로비전보통주
1463,014440.KQ,영보화학보통주
1464,111770.KQ,영원무역보통주
1465,009970.KQ,영원무역홀딩스보통주
1466,003520.KQ,영진약품보통주
1467,000670.KQ,영풍보통주
1468,006740.KQ,영풍제지보통주
1469,012280.KQ,영화금속보통주
1470,012160.KQ,영흥보통주
1471,015360.KQ,예스코홀딩스보통주
1472,007310.KQ,오뚜기보통주
1473,002630.KQ,오리엔트바이오보통주
1474,271560.KQ,오리온보통주
1475,001800.KQ,오리온홀딩스보통주
1476,037270.KQ,와이지플러스보통주
1477,316140.KQ,우리금융지주보통주
1478,033660.KQ,우리금융캐피탈보통주
1479,004720.KQ,우리들제약보통주
1480,118000.KQ,우리들휴브레인보통주
1481,010050.KQ,우리종합금융보통주
1482,006980.KQ,우성사료보통주
1483,017370.KQ,우신시스템보통주
1484,105840.KQ,우진보통주
1485,010400.KQ,우진아이엔에스보통주
1486,049800.KQ,우진플라임 보통주
1487,016880.KQ,웅진보통주
1488,095720.KQ,웅진씽크빅 보통주
1489,005820.KQ,원림보통주
1490,010600.KQ,웰바이오텍보통주
1491,008600.KQ,윌비스보통주
1492,014830.KQ,유니드 보통주
1493,047400.KQ,유니온머티리얼보통주
1494,000910.KQ,유니온보통주
1495,011330.KQ,유니켐보통주
1496,077500.KQ,유니퀘스트 보통주
1497,002920.KQ,유성기업보통주
1498,000700.KQ,유수홀딩스보통주
1499,003475.KQ,유안타증권1우선주
1500,003470.KQ,유안타증권보통주
1501,011690.KQ,유양디앤유보통주
1502,072130.KQ,유엔젤보통주
1503,000225.KQ,유유제약1우선주
1504,000227.KQ,유유제약2우선주(신형)
1505,000220.KQ,유유제약보통주
1506,001200.KQ,유진투자증권보통주
1507,000105.KQ,유한양행1우선주
1508,000100.KQ,유한양행보통주
1509,003465.KQ,유화증권1우선주
1510,003460.KQ,유화증권보통주
1511,008730.KQ,율촌화학보통주
1512,008250.KQ,이건산업보통주
1513,025820.KQ,이구산업보통주
1514,214320.KQ,이노션보통주
1515,088260.KQ,이리츠코크렙기업구조조정부동산투자회사보통주
1516,139480.KQ,이마트보통주
1517,007660.KQ,이수페타시스보통주
1518,005950.KQ,이수화학보통주
1519,015020.KQ,이스타코보통주
1520,093230.KQ,이아이디보통주
1521,074610.KQ,이엔플러스보통주
1522,102460.KQ,이연제약보통주
1523,084680.KQ,이월드보통주
1524,350520.KQ,이지스레지던스리츠보통주
1525,334890.KQ,이지스밸류플러스리츠보통주
1526,000760.KQ,이화산업보통주
1527,014990.KQ,인디에프보통주
1528,101140.KQ,인바이오젠보통주
1529,006490.KQ,인스코비보통주
1530,023800.KQ,인지컨트롤스보통주
1531,034590.KQ,인천도시가스 보통주
1532,129260.KQ,인터지스보통주
1533,023810.KQ,인팩보통주
1534,249420.KQ,일동제약보통주
1535,000230.KQ,일동홀딩스보통주
1536,013360.KQ,일성건설보통주
1537,003120.KQ,일성신약보통주
1538,003200.KQ,일신방직보통주
1539,007110.KQ,일신석재보통주
1540,007575.KQ,일양약품1우선주
1541,007570.KQ,일양약품보통주
1542,008500.KQ,일정실업보통주
1543,081000.KQ,일진다이아몬드 보통주
1544,020760.KQ,일진디스플레이보통주
1545,020150.KQ,일진머티리얼즈보통주
1546,103590.KQ,일진전기 보통주
1547,015860.KQ,일진홀딩스보통주
1548,226320.KQ,잇츠한불보통주
1549,317400.KQ,자이에스앤디보통주
1550,033240.KQ,자화전자보통주
1551,000950.KQ,전방보통주
1552,348950.KQ,제이알글로벌리츠보통주
1553,194370.KQ,제이에스코퍼레이션보통주
1554,025620.KQ,제이준코스메틱보통주
1555,036420.KQ,제이콘텐트리보통주
1556,030000.KQ,제일기획보통주
1557,271980.KQ,제일약품보통주
1558,001560.KQ,제일연마공업보통주
1559,002620.KQ,제일파마홀딩스보통주
1560,006220.KQ,제주은행보통주
1561,089590.KQ,제주항공보통주
1562,004910.KQ,조광페인트보통주
1563,004700.KQ,조광피혁보통주
1564,001550.KQ,조비보통주
1565,000480.KQ,조선내화보통주
1566,120030.KQ,조선선재 보통주
1567,018470.KQ,조일알미늄보통주
1568,002600.KQ,조흥보통주
1569,063160.KQ,종근당바이오보통주
1570,185750.KQ,종근당보통주
1571,001630.KQ,종근당홀딩스보통주
1572,070960.KQ,주식회사 용평리조트
1573,023450.KQ,주식회사동남합성
1574,002380.KQ,주식회사케이씨씨
1575,044380.KQ,주연테크 보통주
1576,024110.KQ,중소기업은행보통주
1577,013890.KQ,지누스보통주
1578,001250.KQ,지에스글로벌보통주
1579,007070.KQ,지에스리테일보통주
1580,013870.KQ,지엠비코리아보통주
1581,071320.KQ,지역난방공사보통주
1582,010580.KQ,지코보통주
1583,035000.KQ,지투알보통주
1584,088790.KQ,진도 보통주
1585,003780.KQ,진양산업보통주
1586,010640.KQ,진양폴리우레탄보통주
1587,100250.KQ,진양홀딩스보통주
1588,051630.KQ,진양화학보통주
1589,272450.KQ,진에어보통주
1590,011000.KQ,진원생명과학보통주
1591,002785.KQ,진흥기업1우선주(신형)
1592,002787.KQ,진흥기업2우선주(신형)
1593,002780.KQ,진흥기업보통주
1594,009310.KQ,참엔지니어링보통주
1595,000650.KQ,천일고속보통주
1596,033250.KQ,체시스보통주
1597,035720.KQ,카카오보통주
1598,006380.KQ,카프로보통주
1599,109070.KQ,컨버즈보통주
1600,001620.KQ,케이비아이동국실업보통주
1601,009440.KQ,케이씨그린홀딩스보통주
1602,029460.KQ,케이씨보통주
1603,344820.KQ,케이씨씨글라스보통주
1604,119650.KQ,케이씨코트렐보통주
1605,281820.KQ,케이씨텍보통주
1606,044450.KQ,케이에스에스 해운 보통주
1607,092220.KQ,케이이씨 보통주
1608,145270.KQ,케이탑리츠보통주
1609,030200.KQ,케이티보통주
1610,030210.KQ,케이티비투자증권보통주
1611,053210.KQ,케이티스카이라이프
1612,058850.KQ,케이티씨에스보통주
1613,058860.KQ,케이티아이에스보통주
1614,033780.KQ,케이티앤지보통주
1615,357120.KQ,코람코에너지플러스리츠보통주
1616,007815.KQ,코리아써키트1우선주
1617,00781K.KQ,코리아써키트2우선주(신형)
1618,007810.KQ,코리아써키트보통주
1619,003690.KQ,코리안리재보험보통주
1620,192820.KQ,코스맥스보통주
1621,044820.KQ,코스맥스비티아이 주식회사 보통주
1622,005070.KQ,코스모신소재보통주
1623,005420.KQ,코스모화학보통주
1624,071950.KQ,코아스보통주
1625,002025.KQ,코오롱1우선주
1626,003075.KQ,코오롱글로벌1우선주
1627,003070.KQ,코오롱글로벌보통주
1628,144620.KQ,코오롱머티리얼보통주
1629,002020.KQ,코오롱보통주
1630,120115.KQ,코오롱인더스트리1우선주
1631,120110.KQ,코오롱인더스트리보통주
1632,138490.KQ,코오롱플라스틱보통주
1633,021240.KQ,코웨이보통주
1634,031820.KQ,콤텍시스템보통주
1635,192400.KQ,쿠쿠홀딩스보통주
1636,284740.KQ,쿠쿠홈시스보통주
1637,015590.KQ,큐로보통주
1638,26490K.KQ,크라운제과1우선주
1639,264900.KQ,크라운제과보통주
1640,005745.KQ,크라운해태홀딩스1우선주
1641,005740.KQ,크라운해태홀딩스보통주
1642,020120.KQ,키다리스튜디오보통주
1643,039490.KQ,키움증권보통주
1644,012170.KQ,키위미디어그룹보통주
1645,014580.KQ,태경비케이보통주
1646,015890.KQ,태경산업보통주
1647,006890.KQ,태경케미컬보통주
1648,003240.KQ,태광산업보통주
1649,011280.KQ,태림포장보통주
1650,004105.KQ,태양금속공업1우선주
1651,004100.KQ,태양금속공업보통주
1652,009410.KQ,태영건설보통주
1653,009415.KQ,태영건설우선주
1654,001420.KQ,태원물산보통주
1655,007980.KQ,태평양물산보통주
1656,055490.KQ,테이팩스보통주
1657,078000.KQ,텔코웨어 보통주
1658,214420.KQ,토니모리보통주
1659,019180.KQ,티에이치엔보통주
1660,36328K.KQ,티와이홀딩스1우선주
1661,363280.KQ,티와이홀딩스보통주
1662,091810.KQ,티웨이항공보통주
1663,004870.KQ,티웨이홀딩스보통주
1664,005690.KQ,파미셀보통주
1665,036580.KQ,팜스코보통주
1666,028670.KQ,팬오션보통주
1667,010820.KQ,퍼스텍보통주
1668,016800.KQ,퍼시스보통주
1669,001020.KQ,페이퍼코리아보통주
1670,090080.KQ,평화산업 주식회사 보통주
1671,010770.KQ,평화홀딩스보통주
1672,058430.KQ,포스코강판보통주
1673,005490.KQ,포스코보통주
1674,047050.KQ,포스코인터내셔널보통주
1675,003670.KQ,포스코케미칼보통주
1676,007630.KQ,폴루스바이오팜보통주
1677,017810.KQ,풀무원보통주
1678,103140.KQ,풍산 보통주
1679,005810.KQ,풍산홀딩스보통주
1680,950210.KQ,피비파마KDR
1681,033180.KQ,필룩스보통주
1682,086790.KQ,하나금융지주보통주
1683,293480.KQ,하나제약보통주
1684,039130.KQ,하나투어보통주
1685,172580.KQ,하이골드오션12호국제선박투자회사
1686,153360.KQ,하이골드오션3호선박투자회사
1687,071090.KQ,하이스틸 보통주
1688,019490.KQ,하이트론씨스템즈보통주
1689,000087.KQ,하이트진로2우선주(신형)
1690,000080.KQ,하이트진로보통주
1691,000145.KQ,하이트진로홀딩스1우선주
1692,000140.KQ,하이트진로홀딩스보통주
1693,036460.KQ,한국가스공사보통주
1694,005430.KQ,한국공항보통주
1695,010040.KQ,한국내화보통주
1696,025540.KQ,한국단자공업보통주
1697,096300.KQ,한국베트남부동산개발특별자산1호투자회사
1698,004090.KQ,한국석유공업보통주
1699,002200.KQ,한국수출포장공업보통주
1700,002960.KQ,한국쉘석유보통주
1701,000240.KQ,한국앤컴퍼니보통주
1702,033270.KQ,한국유나이티드제약 보통주
1703,123890.KQ,한국자산신탁보통주
1704,015760.KQ,한국전력공사보통주
1705,052690.KQ,한국전력기술 보통주
1706,006200.KQ,한국전자홀딩스보통주
1707,009540.KQ,한국조선해양보통주
1708,023350.KQ,한국종합기술보통주
1709,025890.KQ,한국주강보통주
1710,000970.KQ,한국주철관공업보통주
1711,104700.KQ,한국철강보통주
1712,017960.KQ,한국카본보통주
1713,161890.KQ,한국콜마보통주
1714,024720.KQ,한국콜마홀딩스보통주
1715,161390.KQ,한국타이어앤테크놀로지보통주
1716,034830.KQ,한국토지신탁보통주
1717,152550.KQ,한국투자ANKOR유전해외자원개발특별자산투자회사1호(지분증권)
1718,168490.KQ,한국투자Parallel유전해외자원개발특별자산투자회사1호
1719,071055.KQ,한국투자금융지주1우선주
1720,071050.KQ,한국투자금융지주보통주
1721,007280.KQ,한국특수형강보통주
1722,010100.KQ,한국프랜지공업보통주
1723,047810.KQ,한국항공우주산업보통주
1724,123690.KQ,한국화장품보통주
1725,003350.KQ,한국화장품제조보통주
1726,011500.KQ,한농화성보통주
1727,002390.KQ,한독보통주
1728,014790.KQ,한라보통주
1729,060980.KQ,한라홀딩스보통주
1730,053690.KQ,한미글로벌건축사사무소보통주
1731,042700.KQ,한미반도체보통주
1732,008930.KQ,한미사이언스보통주
1733,128940.KQ,한미약품보통주
1734,009240.KQ,한샘보통주
1735,020000.KQ,한섬보통주
1736,003680.KQ,한성기업보통주
1737,105630.KQ,한세실업보통주
1738,069640.KQ,한세엠케이보통주
1739,016450.KQ,한세예스24홀딩스보통주
1740,010420.KQ,한솔PNS보통주
1741,009180.KQ,한솔로지스틱스보통주
1742,213500.KQ,한솔제지보통주
1743,014680.KQ,한솔케미칼보통주
1744,004710.KQ,한솔테크닉스보통주
1745,004150.KQ,한솔홀딩스보통주
1746,025750.KQ,한솔홈데코보통주
1747,004960.KQ,한신공영보통주
1748,011700.KQ,한신기계공업보통주
1749,001755.KQ,한양증권1우선주
1750,001750.KQ,한양증권보통주
1751,018880.KQ,한온시스템보통주
1752,009420.KQ,한올바이오파마보통주
1753,014130.KQ,한익스프레스보통주
1754,300720.KQ,한일시멘트보통주
1755,002220.KQ,한일철강보통주
1756,006390.KQ,한일현대시멘트보통주
1757,003300.KQ,한일홀딩스보통주
1758,051600.KQ,한전KPS 보통주
1759,130660.KQ,한전산업개발보통주
1760,002320.KQ,한진보통주
1761,097230.KQ,한진중공업 보통주
1762,003480.KQ,한진중공업홀딩스보통주
1763,18064K.KQ,한진칼1우선주
1764,180640.KQ,한진칼보통주
1765,005110.KQ,한창보통주
1766,009460.KQ,한창제지보통주
1767,000885.KQ,한화1우선주
1768,00088K.KQ,한화3우선주(신형)
1769,000880.KQ,한화보통주
1770,088350.KQ,한화생명보험보통주
1771,000370.KQ,한화손해보험보통주
1772,009835.KQ,한화솔루션1우선주
1773,009830.KQ,한화솔루션보통주
1774,272210.KQ,한화시스템보통주
1775,012450.KQ,한화에어로스페이스보통주
1776,003535.KQ,한화투자증권1우선주
1777,003530.KQ,한화투자증권보통주
1778,195870.KQ,해성디에스보통주
1779,101530.KQ,해태제과식품주식회사
1780,143210.KQ,핸즈코퍼레이션보통주
1781,000725.KQ,현대건설1우선주
1782,267270.KQ,현대건설기계보통주
1783,000720.KQ,현대건설보통주
1784,005440.KQ,현대그린푸드보통주
1785,086280.KQ,현대글로비스보통주
1786,064350.KQ,현대로템보통주
1787,079430.KQ,현대리바트보통주
1788,012330.KQ,현대모비스보통주
1789,010620.KQ,현대미포조선보통주
1790,069960.KQ,현대백화점보통주
1791,004565.KQ,현대비앤지스틸1우선주
1792,004560.KQ,현대비앤지스틸보통주
1793,004310.KQ,현대약품보통주
1794,322000.KQ,현대에너지솔루션보통주
1795,017800.KQ,현대엘리베이터보통주
1796,307950.KQ,현대오토에버보통주
1797,011210.KQ,현대위아보통주
1798,267260.KQ,현대일렉트릭보통주
1799,005385.KQ,현대자동차1우선주
1800,005387.KQ,현대자동차2우선주(신형)
1801,005389.KQ,현대자동차3우선주(신형)
1802,005380.KQ,현대자동차보통주
1803,004020.KQ,현대제철 보통주
1804,011760.KQ,현대종합상사보통주
1805,267250.KQ,현대중공업지주보통주
1806,001500.KQ,현대차증권보통주
1807,227840.KQ,현대코퍼레이션홀딩스보통주
1808,126560.KQ,현대퓨처넷보통주
1809,001450.KQ,현대해상화재보험보통주
1810,057050.KQ,현대홈쇼핑보통주
1811,093240.KQ,형지엘리트보통주
1812,003010.KQ,혜인보통주
1813,111110.KQ,호전실업보통주
1814,008775.KQ,호텔신라1우선주
1815,008770.KQ,호텔신라보통주
1816,002460.KQ,화성산업보통주
1817,013520.KQ,화승알앤에이보통주
1818,241590.KQ,화승엔터프라이즈보통주
1819,006060.KQ,화승인더스트리보통주
1820,010690.KQ,화신보통주
1821,133820.KQ,화인베스틸보통주
1822,010660.KQ,화천기계보통주
1823,000850.KQ,화천기공보통주
1824,016580.KQ,환인제약보통주
1825,032560.KQ,황금에스티보통주
1826,004800.KQ,효성보통주
1827,094280.KQ,효성아이티엑스 보통주
1828,298040.KQ,효성중공업보통주
1829,298050.KQ,효성첨단소재보통주
1830,298020.KQ,효성티앤씨보통주
1831,298000.KQ,효성화학보통주
1832,093370.KQ,후성 보통주
1833,081660.KQ,휠라홀딩스보통주
1834,005870.KQ,휴니드테크놀러지스보통주
1835,079980.KQ,휴비스보통주
1836,005010.KQ,휴스틸보통주
1837,069260.KQ,휴켐스보통주
1838,000545.KQ,흥국화재해상보험1우선주
1839,000547.KQ,흥국화재해상보험2우선주(신형)
1840,000540.KQ,흥국화재해상보험보통주
1841,003280.KQ,흥아해운보통주
